1675,0.08,0.90,9.65
1691,0.08,0.94,9.61
1707,0.08,0.94,9.61
1723,0.08,0.94,9.61
1739,0.08,0.94,9.69
1756,0.12,0.86,9.61
1772,0.12,0.94,9.69
1788,0.08,0.90,9.61
1804,0.08,0.82,9.61
1820,0.12,0.90,9.69
1836,0.12,0.86,9.69
1853,0.12,0.90,9.65
1869,0.08,0.94,9.69
1885,0.08,0.98,9.61
1901,0.08,0.90,9.69
1917,0.08,0.90,9.65
1934,0.12,0.90,9.69
1950,0.12,0.90,9.65
1969,0.08,0.94,9.61
1985,0.08,0.86,9.69
2001,0.12,0.86,9.65
2018,0.12,0.86,9.65
2034,0.08,0.90,9.65
2051,0.08,0.90,9.61
2067,0.08,0.86,9.53
2083,0.12,0.94,9.61
2100,0.12,0.98,9.65
2116,0.12,0.94,9.65
2132,0.12,0.90,9.65
2149,0.12,0.90,9.61
2165,0.08,0.94,9.73
2181,0.08,0.86,9.61
2198,0.08,0.90,9.65
2214,0.12,0.90,9.61
2230,0.08,0.90,9.65
2247,0.08,0.90,9.57
2263,0.04,1.02,9.61
2279,0.12,0.90,9.57
2296,0.12,0.94,9.65
2312,0.08,0.98,9.61
2328,0.12,0.94,9.69
2345,0.08,0.86,9.65
2364,0.12,0.86,9.69
2380,0.12,0.86,9.61
2397,0.12,0.90,9.65
2413,0.12,0.86,9.69
2429,0.12,0.86,9.65
2446,0.12,0.90,9.65
2462,0.12,0.94,9.65
2478,0.12,0.94,9.61
2495,0.12,0.90,9.57
2511,0.12,0.94,9.65
2527,0.08,0.94,9.65
2544,0.08,0.86,9.61
2560,0.08,0.86,9.61
2576,0.12,0.86,9.69
2593,0.12,0.86,9.61
2609,0.12,0.86,9.69
2625,0.08,0.86,9.69
2642,0.04,0.90,9.61
2658,0.12,0.86,9.61
2674,0.04,0.94,9.73
2691,0.08,0.94,9.69
2707,0.08,0.90,9.69
2723,0.08,0.90,9.65
2740,0.12,0.90,9.61
2756,0.08,0.86,9.69
2775,0.08,0.90,9.65
2792,0.12,0.82,9.69
2808,0.12,0.94,9.61
2824,0.04,0.94,9.61
2841,0.08,0.90,9.65
2857,0.12,0.90,9.69
2873,0.12,0.90,9.65
2890,0.12,0.94,9.65
2906,0.12,0.94,9.65
2922,0.16,0.90,9.69
2939,0.08,0.98,9.69
2955,0.16,0.90,9.65
2971,0.08,0.86,9.69
2988,0.12,0.90,9.65
3004,0.08,0.90,9.61
3020,0.08,0.90,9.69
3037,0.08,0.90,9.61
3053,0.08,0.94,9.61
3069,0.12,0.86,9.61
3086,0.12,0.90,9.65
3102,0.12,0.82,9.65
3118,0.12,0.90,9.61
3135,0.12,0.90,9.65
3151,0.08,0.94,9.65
3170,0.12,0.94,9.61
3187,0.12,0.86,9.69
3203,0.08,0.90,9.73
3219,0.12,0.82,9.65
3236,0.12,0.90,9.65
3252,0.08,0.90,9.69
3268,0.12,0.98,9.65
3285,0.20,0.86,9.61
3301,0.12,0.94,9.69
3317,0.08,0.90,9.57
3334,0.08,0.94,9.65
3350,0.12,0.86,9.61
3366,0.08,0.90,9.65
3383,0.12,0.90,9.69
3399,0.08,0.86,9.65
3415,0.08,0.90,9.65
3432,0.08,0.90,9.69
3448,0.12,0.90,9.57
3464,0.08,0.90,9.65
3481,0.12,0.94,9.65
3497,0.08,0.90,9.69
3513,0.16,0.90,9.65
3530,0.16,0.86,9.69
3546,0.12,0.90,9.65
3565,0.08,0.90,9.65
3582,0.08,0.90,9.69
3598,0.12,0.86,9.65
3614,0.08,0.94,9.65
3631,0.12,0.86,9.69
3647,0.12,0.86,9.65
3666,0.08,0.90,9.61
3682,0.12,0.90,9.61
3698,0.08,0.90,9.69
3715,0.12,0.94,9.65
3731,0.12,0.94,9.49
3747,0.12,0.90,9.69
3764,0.12,0.94,9.69
3780,0.12,0.82,9.65
3796,0.08,0.86,9.61
3813,0.08,0.90,9.65
3829,0.12,0.90,9.57
3845,0.08,0.94,9.65
3862,0.12,0.90,9.61
3878,0.08,0.94,9.69
3894,0.12,0.98,9.61
3911,0.08,0.94,9.61
3927,0.12,0.94,9.65
3943,0.12,0.90,9.65
3960,0.08,0.94,9.69
3979,0.08,0.94,9.69
3995,0.16,0.90,9.61
4012,0.12,0.90,9.61
4028,0.08,0.90,9.61
4044,0.12,0.86,9.65
4061,0.12,0.86,9.61
4077,0.12,0.90,9.65
4093,0.08,0.94,9.65
4110,0.08,0.94,9.57
4126,0.12,0.94,9.65
4142,0.12,0.90,9.61
4159,0.08,0.94,9.65
4175,0.12,0.94,9.65
4191,0.08,0.82,9.61
4208,0.04,0.90,9.61
4224,0.12,0.94,9.77
4240,0.08,0.86,9.65
4257,0.08,0.86,9.69
4273,0.12,0.90,9.65
4289,0.12,0.90,9.69
4306,0.12,0.90,9.65
4322,0.12,0.90,9.65
4338,0.16,0.94,9.65
4355,0.08,0.94,9.65
4374,0.08,0.86,9.61
4390,0.08,0.94,9.65
4406,0.12,0.90,9.61
4422,0.12,0.90,9.57
4439,0.16,0.86,9.65
4455,0.12,0.86,9.65
4471,0.08,0.86,9.65
4487,0.04,0.90,9.61
4503,0.00,0.90,9.69
4519,0.04,0.90,9.69
4536,0.12,0.86,9.69
4552,0.16,0.94,9.61
4568,0.20,0.86,9.73
4584,0.16,0.90,9.69
4600,0.12,0.86,9.65
4617,0.08,0.86,9.61
4633,0.00,0.90,9.57
4649,0.12,0.86,9.73
4665,0.16,0.90,9.69
4681,0.16,0.90,9.65
4697,0.12,0.86,9.61
4714,0.04,0.86,9.69
4730,0.04,0.90,9.61
4746,0.08,0.94,9.65
4762,0.12,0.98,9.65
4777,0.20,0.98,9.61
4793,0.24,0.94,9.65
4809,0.20,0.71,9.69
4825,0.16,0.78,9.69
4841,0.12,0.82,9.53
4858,0.08,0.90,9.61
4874,0.04,1.02,9.57
4890,0.04,0.94,9.69
4906,0.08,0.90,9.61
4922,0.08,0.98,9.69
4939,0.08,0.90,9.61
4955,0.08,0.90,9.65
4971,0.12,0.94,9.65
4987,0.16,0.86,9.69
5003,0.12,0.94,9.61
5019,0.08,0.90,9.65
5036,0.12,0.94,9.65
5052,0.12,0.90,9.69
5068,0.12,0.94,9.61
5084,0.12,1.02,9.65
5100,0.08,1.06,9.65
5116,0.16,1.10,9.69
5133,0.08,1.10,9.65
5149,0.12,1.06,9.65
5168,0.16,0.94,9.65
5184,0.16,0.82,9.61
5201,0.16,0.82,9.69
5217,0.08,0.63,9.45
5233,-0.04,0.71,9.81
5250,0.00,0.75,9.57
5266,0.04,0.94,9.77
5282,0.12,0.98,9.53
5299,0.12,1.02,9.65
5315,0.12,1.02,9.53
5331,0.12,0.94,9.77
5348,0.12,0.86,9.65
5364,0.08,0.75,9.69
5380,0.08,0.78,9.53
5397,0.12,0.82,9.65
5413,0.16,0.94,9.61
5429,0.20,0.94,9.65
5446,0.20,0.90,9.69
5462,0.12,0.90,9.65
5478,0.12,0.86,9.69
5495,0.04,0.82,9.61
5511,0.04,0.90,9.65
5528,0.04,0.94,9.65
5544,0.08,0.98,9.57
5563,0.20,0.94,9.73
5579,0.12,0.86,9.65
5596,0.12,0.90,9.65
5612,0.08,0.90,9.69
5628,0.08,0.94,9.69
5645,0.08,0.86,9.65
5661,0.08,0.86,9.69
5679,0.04,0.94,9.69
5695,0.08,0.90,9.69
5712,0.08,0.90,9.65
5728,0.08,0.94,9.61
5744,0.16,0.98,9.61
5761,0.12,0.98,9.65
5777,0.12,0.90,9.65
5794,0.08,0.90,9.57
5810,0.04,0.86,9.69
5826,0.00,0.94,9.69
5843,0.12,0.86,9.65
5859,0.12,0.94,9.61
5875,0.16,0.94,9.69
5891,0.12,0.94,9.65
5908,0.12,0.86,9.57
5924,0.12,0.86,9.65
5941,0.04,0.82,9.69
5957,0.08,0.86,9.69
5976,0.12,0.94,9.69
5992,0.12,0.94,9.69
6009,0.12,0.94,9.61
6025,0.12,1.02,9.73
6042,0.08,0.98,9.73
6058,0.12,0.86,9.61
6074,0.08,0.78,9.61
6090,0.12,0.78,9.65
6107,0.12,0.90,9.65
6123,0.12,0.90,9.73
6139,0.20,0.86,9.65
6156,0.16,0.94,9.65
6172,0.16,0.94,9.61
6189,0.08,0.94,9.65
6205,0.08,0.94,9.69
6221,0.04,0.90,9.61
6238,0.12,0.86,9.69
6254,0.08,0.90,9.65
6270,0.08,0.94,9.61
6287,0.08,0.90,9.65
6303,0.08,0.94,9.61
6319,0.08,0.90,9.57
6336,0.04,0.90,9.69
6352,0.08,0.90,9.57
6371,0.08,0.90,9.61
6387,0.20,0.86,9.65
6404,0.08,0.90,9.65
6420,0.08,0.90,9.57
6437,0.00,0.86,9.69
6453,0.00,0.94,9.69
6469,0.04,0.98,9.65
6486,0.16,0.94,9.69
6502,0.20,0.98,9.57
6518,0.24,0.94,9.65
6534,0.16,0.86,9.73
6551,0.12,0.86,9.69
6567,0.04,0.86,9.73
6584,0.08,0.86,9.65
6600,0.12,0.86,9.65
6616,0.16,0.94,9.61
6633,0.12,0.98,9.69
6649,0.16,0.94,9.65
6665,0.12,0.90,9.73
6682,0.04,0.86,9.65
6698,0.08,0.86,9.53
6714,0.12,0.90,9.65
6731,0.12,0.90,9.65
6747,0.16,0.90,9.61
6766,0.12,1.02,9.61
6782,0.12,0.90,9.69
6799,0.12,0.90,9.65
6815,0.12,0.90,9.65
6832,0.08,0.86,9.61
6848,0.12,0.90,9.65
6864,0.12,0.90,9.65
6881,0.08,0.94,9.61
6897,0.12,0.90,9.61
6913,0.04,0.98,9.69
6929,0.08,0.90,9.61
6964,0.12,0.86,9.65
6980,0.12,0.82,9.69
6996,0.20,0.86,9.61
7013,0.12,0.90,9.69
7029,0.08,0.90,9.77
7045,0.08,0.94,9.61
7061,0.08,0.94,9.65
7078,0.08,0.94,9.61
7094,0.12,0.94,9.65
7110,0.12,0.90,9.65
7127,0.12,0.98,9.69
7143,0.08,0.90,9.57
7159,0.04,0.94,9.61
7176,0.04,0.90,9.65
7195,0.08,0.90,9.61
7211,0.16,0.90,9.65
7227,0.16,0.86,9.69
7244,0.16,0.90,9.69
7260,0.16,0.90,9.65
7276,0.12,0.94,9.61
7292,0.12,0.86,9.65
7309,0.04,0.90,9.65
7325,0.00,0.78,9.61
7341,0.12,0.86,9.57
7358,0.08,0.94,9.73
7374,0.16,0.90,9.61
7390,0.16,0.75,9.89
7407,0.16,0.78,9.73
7423,0.12,0.90,9.69
7439,0.04,0.86,9.61
7455,0.08,0.82,9.57
7472,0.12,0.82,9.65
7488,0.16,0.86,9.57
7504,0.12,0.94,9.69
7521,0.08,0.98,9.61
7537,0.12,0.94,9.69
7553,0.08,0.98,9.73
7570,0.12,0.86,9.65
7589,0.16,0.82,9.61
7605,0.16,0.82,9.57
7621,0.16,0.86,9.65
7637,0.08,0.90,9.65
7653,0.04,0.90,9.69
7669,0.08,0.94,9.61
7685,0.12,0.94,9.69
7702,0.16,0.90,9.73
7718,0.16,0.90,9.69
7734,0.12,0.90,9.65
7750,0.12,0.90,9.69
7766,0.08,0.90,9.61
7782,0.12,0.86,9.69
7799,0.12,0.86,9.65
7815,0.16,0.94,9.65
7831,0.12,0.90,9.69
7847,0.12,0.90,9.65
7863,0.12,0.90,9.73
7879,0.12,0.86,9.69
7895,0.08,0.86,9.65
7912,0.08,0.94,9.69
7928,0.08,0.94,9.61
7944,0.16,0.94,9.57
7960,0.12,0.94,9.65
7976,0.12,0.90,9.61
7990,0.12,0.90,9.69
8007,0.08,0.90,9.69
8023,0.08,0.90,9.57
8039,0.12,0.86,9.65
8055,0.12,0.86,9.69
8071,0.12,0.94,9.65
8087,0.12,0.94,9.61
8103,0.12,0.90,9.65
8120,0.08,0.94,9.65
8136,0.04,0.86,9.65
8152,0.08,0.86,9.61
8168,0.08,0.86,9.65
8184,0.12,0.86,9.57
8200,0.16,0.82,9.61
8216,0.08,0.90,9.65
8232,0.12,0.94,9.65
8249,0.08,0.94,9.69
8265,0.08,0.98,9.65
8281,0.12,0.86,9.69
8297,0.08,0.90,9.61
8313,0.16,0.90,9.61
8329,0.12,0.90,9.65
8346,0.12,0.90,9.61
8362,0.12,0.86,9.65
8381,0.08,0.86,9.61
8397,0.12,0.90,9.73
8413,0.16,0.86,9.69
8430,0.08,0.86,9.61
8446,0.12,0.94,9.57
8462,0.12,0.90,9.65
8478,0.16,0.86,9.65
8495,0.12,0.90,9.65
8511,0.12,0.90,9.65
8527,0.12,0.82,9.69
8544,0.16,0.90,9.69
8560,0.16,0.90,9.69
8576,0.16,0.94,9.53
8593,0.12,0.86,9.61
8609,0.12,0.86,9.69
8625,0.08,0.94,9.61
8641,0.08,0.90,9.65
8658,0.08,0.78,9.73
8674,0.08,0.82,9.65
8690,-0.75,0.90,9.65
8707,-0.82,1.14,9.77
8723,0.43,0.78,9.53
8739,0.39,0.78,9.65
8756,-0.04,0.90,9.61
8775,-1.10,0.20,9.65
8791,-0.98,0.67,9.57
8807,-1.29,0.39,9.41
8824,-1.22,0.82,9.65
8840,-0.12,1.02,9.89
8856,-0.27,1.22,9.73
8873,-0.12,0.98,9.96
8889,-0.08,0.24,9.89
8905,-0.16,-0.20,10.00
8922,-0.27,0.43,9.53
8938,-0.98,0.43,9.69
8954,-1.10,1.14,9.85
8972,-0.39,0.71,9.85
8988,0.08,1.26,9.85
9005,-0.04,0.94,9.45
9021,0.27,1.49,9.06
9037,-0.16,0.82,9.69
9054,-0.63,1.49,9.61
9070,-0.47,1.33,9.85
9086,-0.47,1.49,10.12
9103,2.00,0.31,9.14
9119,1.88,-0.35,9.10
9135,-0.59,0.63,9.30
9155,-2.20,1.49,9.89
9171,-1.18,0.27,9.57
9187,1.14,0.20,9.69
9203,-0.04,1.65,9.77
9220,0.00,1.69,9.73
9236,0.20,1.37,9.81
9252,0.82,1.22,9.81
9269,1.22,-0.31,9.89
9285,0.43,-0.08,9.61
9301,-0.16,-0.08,9.53
9318,-0.04,0.59,9.92
9334,0.27,0.08,9.69
9350,0.55,0.00,9.69
9367,0.82,1.14,9.57
9383,0.78,1.10,9.85
9399,0.67,0.51,9.57
9416,1.37,0.12,9.77
9432,-0.08,-0.75,9.49
9448,-0.71,0.55,10.00
9464,0.51,1.02,9.61
9481,0.43,0.39,10.00
9497,0.86,0.27,10.08
9513,1.02,-0.08,9.18
9530,1.22,0.98,9.92
9549,1.57,0.98,9.53
9565,1.73,-0.27,10.12
9581,1.22,1.77,9.69
9598,1.29,1.10,9.22
9614,1.41,1.65,9.73
9630,0.67,3.41,9.10
9647,0.55,2.79,9.69
9663,0.35,1.61,9.57
9679,0.04,1.53,9.96
9696,1.02,-0.20,9.49
9712,0.04,1.14,9.57
9728,-0.24,1.84,9.45
9745,0.31,0.71,9.73
9761,-0.51,1.84,9.57
9777,-0.78,2.24,9.41
9794,-1.37,2.20,9.53
9810,0.27,1.02,9.77
9826,1.57,0.24,9.89
9842,1.80,-1.26,10.08
9859,-1.18,-0.39,9.34
9875,-1.61,-0.20,9.06
9891,0.16,5.45,8.83
9908,0.47,1.14,9.92
9924,0.82,0.94,9.92
9943,0.35,0.27,9.85
9960,0.04,1.45,9.85
9976,0.12,1.53,9.89
9992,0.16,1.80,9.45
10008,-0.71,1.61,9.69
10025,-0.71,1.37,10.63
10041,-0.51,1.80,11.22
10057,-0.43,0.75,11.02
10074,-0.39,0.24,10.75
10090,-0.12,0.35,10.79
10107,-0.27,0.94,10.87
10123,-0.12,0.82,10.36
10139,-0.47,0.86,9.73
10155,-0.55,0.71,9.96
10172,-0.39,0.82,10.12
10188,-0.16,0.78,10.55
10205,-0.24,0.51,10.40
10221,-0.20,0.51,10.12
10237,-0.16,0.35,10.04
10254,-0.16,0.63,10.24
10270,0.00,0.59,10.47
10286,-0.31,0.94,9.77
10306,-0.24,0.27,9.81
10322,0.00,0.24,9.96
10338,-0.16,0.08,10.04
10355,-0.20,0.31,9.69
10371,-0.24,0.35,9.53
10387,-0.08,0.39,9.89
10404,0.00,0.55,9.92
10420,-0.12,0.63,9.96
10436,-0.27,0.67,9.69
10453,-0.27,0.63,9.69
10469,-0.43,0.67,9.49
10485,0.04,0.24,9.85
10502,0.00,0.51,10.00
10518,-0.43,0.71,9.57
10535,-0.08,0.78,9.61
10551,-0.04,0.94,9.57
10567,-0.08,1.14,9.57
10584,-0.04,1.06,9.49
10600,0.04,1.14,9.45
10616,-0.20,1.06,9.22
10633,-0.04,1.10,9.14
10649,0.00,1.02,8.98
10668,0.08,1.26,9.02
10684,-0.08,1.37,8.79
10700,0.00,1.45,9.10
10717,0.04,1.37,9.49
10733,0.04,1.37,9.14
10749,0.00,1.37,8.90
10765,0.04,1.37,8.67
10781,-0.08,1.29,8.51
10798,-0.08,1.26,8.63
10814,-0.04,1.14,9.06
10830,-0.04,1.22,8.98
10846,-0.16,1.22,8.75
10862,-0.24,1.26,8.28
10879,-0.04,1.18,8.43
10895,-0.04,1.49,8.36
10911,-0.04,1.80,8.63
10927,-0.20,1.96,8.75
10943,-0.24,1.84,8.39
10960,-0.27,2.00,8.79
10977,-0.63,2.35,8.90
10994,-0.63,2.28,9.18
11010,-0.63,2.43,9.26
11026,-1.14,2.71,9.34
11046,-0.94,2.24,9.57
11062,-0.78,2.39,9.57
11079,-0.86,2.20,9.53
11095,-0.63,2.28,9.22
11111,-0.55,2.08,8.94
11127,-0.47,2.08,8.87
11143,-0.31,1.88,9.22
11160,-0.31,2.08,8.98
11176,-0.31,1.96,9.34
11192,-0.27,2.31,9.73
11208,-0.47,2.20,9.57
11224,-0.27,2.24,9.38
11241,-0.24,2.31,9.26
11257,-0.24,2.47,9.10
11273,0.12,2.31,9.30
11289,-0.20,2.47,9.14
11305,-0.27,2.47,8.94
11322,-0.04,2.43,9.22
11338,0.04,2.59,9.41
11354,0.00,2.55,9.34
11370,-0.12,2.35,9.10
11386,-0.24,2.08,8.87
11405,-0.16,1.80,9.26
11422,-0.12,1.73,9.77
11438,-0.27,2.08,9.69
11455,-0.12,1.45,9.53
11471,0.12,1.33,9.06
11487,0.24,0.71,8.79
11503,0.24,0.59,8.51
11520,0.12,0.16,8.51
11536,0.24,-0.16,9.10
11553,0.27,0.04,9.34
11569,0.20,0.31,9.92
11585,0.20,0.27,9.89
11602,0.24,0.27,9.92
11618,0.12,-0.08,9.85
11634,0.04,-0.12,9.49
11651,0.12,-0.39,9.65
11667,0.04,0.55,10.28
11683,0.04,0.75,10.51
11700,-0.04,1.14,10.20
11716,-0.24,1.49,9.85
11732,-0.20,1.69,9.89
11749,-0.63,2.75,9.92
11765,-0.63,3.14,10.12
11784,-0.75,3.49,10.36
11801,-1.02,4.35,10.28
11817,-1.33,5.18,10.55
11833,-1.26,5.41,10.71
11850,-1.37,5.77,10.67
11866,-1.41,5.96,10.51
11882,-1.33,5.84,10.40
11899,-1.06,5.10,10.20
11915,-0.86,4.04,9.73
11931,-0.67,3.33,9.73
11948,-0.31,1.61,9.89
11964,0.00,0.12,10.04
11981,0.27,-0.82,10.20
11997,0.55,-1.73,9.96
12013,0.78,-3.26,10.32
12029,1.22,-3.73,10.24
12046,1.33,-4.24,10.00
12062,1.29,-4.31,9.73
12079,1.18,-3.65,9.38
12095,0.71,-1.53,8.83
12111,0.51,0.00,8.71
12128,0.12,3.80,8.83
12147,-0.16,7.65,8.67
12163,-0.04,9.92,8.28
12180,-0.24,10.32,7.85
12196,-0.08,6.51,7.41
12212,-0.39,0.27,8.59
12229,0.08,-3.18,9.92
12245,0.27,-7.30,12.94
12261,0.16,-7.45,13.10
12278,-0.04,-6.00,12.16
12294,-0.39,-1.22,10.20
12310,-0.55,2.04,8.43
12327,-0.59,7.81,7.88
12343,-0.43,10.43,7.88
12360,-0.31,10.20,8.28
12376,-0.31,8.08,9.14
12392,-0.47,3.26,9.89
12409,-0.47,0.39,10.47
12425,-0.24,-3.73,12.04
12441,0.08,-5.02,12.32
12458,0.27,-4.75,11.61
12474,0.47,-3.37,10.12
12493,0.43,-0.94,8.90
12510,0.31,1.84,8.87
12526,0.04,2.86,8.90
12542,0.00,4.28,9.41
12559,0.00,4.67,9.96
12575,0.00,4.51,9.96
12591,-0.04,3.61,9.30
12608,-0.04,2.98,9.10
12624,0.04,1.84,8.83
12640,0.04,1.10,8.79
12657,0.04,0.78,8.83
12673,0.00,0.35,8.94
12689,-0.04,0.51,9.45
12706,0.04,0.63,9.73
12722,0.00,1.06,10.20
12738,0.12,1.57,10.67
12755,0.04,1.80,10.75
12771,0.08,2.51,10.79
12787,0.00,2.55,10.47
12804,0.04,2.43,10.32
12820,0.00,2.24,10.24
12836,-0.04,2.51,10.24
12853,-0.08,2.00,11.26
12872,-0.43,1.69,11.53
12888,-0.24,2.12,11.77
12905,-0.08,2.16,11.81
12921,0.00,2.43,10.90
12937,0.04,2.28,9.73
12954,0.16,2.20,9.41
12970,0.27,2.55,8.43
12986,0.47,2.90,7.30
13004,1.06,2.94,6.28
13021,1.14,2.16,3.22
13037,1.77,-0.04,-0.75
13053,2.00,-1.57,-2.75
13070,1.02,-3.06,-4.63
13086,0.00,-1.18,1.26
13103,-1.06,-0.04,6.32
13119,-2.08,3.69,13.38
13135,-2.24,4.20,16.51
13152,-2.63,4.39,17.53
13168,-2.16,3.65,18.24
13184,-1.65,3.37,17.38
13201,-0.86,1.02,16.12
13217,0.00,0.20,13.14
13236,0.16,0.86,11.57
13253,0.16,1.37,11.06
13269,0.12,2.24,10.32
13285,0.00,2.67,10.28
13302,0.00,2.67,10.32
13318,-0.27,2.59,10.00
13334,-0.31,2.47,9.65
13351,-0.27,2.43,9.49
13367,-0.55,2.59,9.22
13383,-0.71,2.31,9.18
13400,-0.51,2.08,9.53
13416,-0.71,2.12,10.12
13432,-0.94,1.53,10.83
13449,-0.94,0.98,11.45
13465,-0.43,0.90,12.55
13481,-0.39,0.78,13.14
13498,-0.31,1.69,12.91
13514,-0.31,2.28,12.40
13531,-0.12,2.55,12.12
13547,0.20,3.02,11.26
13563,0.35,2.86,8.12
13580,0.67,2.59,6.08
13599,-0.31,0.27,-0.71
13615,5.37,-4.12,-8.98
13631,6.16,-5.33,-16.12
13647,1.77,-1.61,-15.18
13664,-3.49,1.37,3.57
13680,-5.45,5.06,15.06
13696,-6.20,10.04,20.04
13712,-3.92,6.35,20.04
13728,-3.69,4.39,20.04
13745,-2.39,1.14,17.85
13761,-1.26,-0.82,13.26
13777,-0.12,-1.57,10.79
13793,1.10,-2.20,8.00
13809,1.02,-1.69,7.41
13825,0.47,0.78,6.51
13842,0.24,2.08,7.57
13858,0.08,2.55,8.20
13874,0.00,3.65,9.30
13890,-0.43,4.43,10.16
13907,-0.51,4.04,10.20
13923,-0.63,3.18,10.47
13942,-0.78,2.39,11.30
13958,-0.78,1.61,11.96
13974,-0.51,1.06,12.63
13990,-0.24,1.29,12.28
14007,-0.20,1.73,11.85
14023,-0.12,2.98,11.30
14039,0.04,2.51,11.26
14055,0.27,2.59,11.22
14071,0.75,2.63,10.94
14087,0.90,2.63,9.85
14104,0.55,3.22,5.88
14120,0.78,2.04,-3.88
14136,2.86,-1.22,-10.40
14152,5.18,-4.59,-20.08
14169,-2.59,-3.26,-14.08
14185,-7.88,-1.41,2.79
14201,-2.12,9.10,20.04
14217,-5.81,12.00,20.04
14233,-8.08,4.24,20.04
14250,-2.59,-3.73,13.45
14266,-0.63,-4.98,8.90
14282,1.96,-3.33,7.06
14301,2.63,-2.55,0.75
14317,1.69,0.82,4.59
14334,1.77,1.61,6.04
14350,0.67,2.20,4.75
14366,-0.20,4.00,8.28
14383,-0.27,4.82,9.34
14399,-1.02,4.39,8.67
14416,-1.61,4.28,9.26
14432,-1.80,2.94,10.36
14448,-1.22,0.82,12.32
14465,-0.86,0.04,12.16
14481,-0.82,-0.78,10.55
14497,-0.12,-0.82,9.73
14514,-0.04,-0.43,9.38
14530,-0.51,0.67,8.59
14546,-0.04,0.75,10.28
14563,-0.35,1.41,10.87
14579,-0.12,0.90,11.30
14595,-0.20,1.80,12.04
14612,-1.06,3.10,11.30
14628,-4.51,8.90,7.88
14644,-3.77,9.85,10.87
14664,-2.00,9.96,12.87
14680,-2.55,9.96,10.87
14696,-2.16,5.96,8.28
14713,-1.80,4.28,8.04
14729,-1.14,2.35,7.85
14746,-0.31,0.04,7.92
14762,0.08,-2.16,8.47
14778,1.29,-6.63,8.63
14795,2.98,-12.24,9.41
14811,2.94,-13.61,9.38
14827,2.12,-11.77,9.45
14844,1.49,-5.30,9.69
14860,0.71,-2.47,10.36
14876,-0.39,2.86,9.89
14893,-2.47,14.79,5.37
14909,-4.20,18.48,4.63
14925,-2.67,17.69,9.10
14942,-1.80,15.69,13.18
14958,-2.28,11.69,13.10
14975,-3.37,4.94,10.67
14991,-2.55,-0.27,10.47
15012,0.04,-14.04,12.43
15028,2.00,-16.67,12.59
15044,2.98,-17.26,12.04
15061,2.71,-15.14,10.12
15077,0.63,-7.73,8.94
15094,-5.33,8.47,5.65
15110,-6.16,17.30,5.41
15126,-3.65,20.04,11.53
15143,1.02,18.55,15.57
15159,0.12,14.91,13.34
15175,-2.39,2.31,6.51
15192,0.31,-12.71,6.20
15208,1.53,-17.89,8.32
15224,3.18,-20.08,15.26
15241,0.63,-13.73,15.81
15257,-1.53,-7.30,13.10
15274,-4.63,7.45,8.04
15290,-3.26,12.51,11.49
15306,1.29,12.16,12.04
15323,-1.77,12.71,10.24
15339,-1.37,11.10,7.85
15358,-0.51,5.33,7.18
15375,-0.35,0.63,6.75
15391,-0.27,-3.69,8.51
15407,-0.16,-4.12,10.59
15424,-0.59,-1.26,14.20
15440,-0.63,0.75,14.98
15456,-0.63,1.57,15.38
15473,-1.06,4.28,16.20
15489,-1.37,8.32,16.67
15505,-1.37,8.83,17.30
15522,-1.96,6.86,15.97
15538,-2.16,4.00,10.83
15555,-1.22,1.65,8.87
15571,0.08,-3.61,2.94
15587,1.18,-6.90,-8.67
15604,2.90,-12.47,-14.40
15620,2.98,-13.93,-20.08
15636,-0.47,-11.34,-17.53
15653,-8.47,-0.82,6.00
15669,-5.33,13.93,20.04
15685,-3.02,17.61,20.04
15705,-2.71,13.65,20.04
15721,-2.20,4.51,20.04
15737,-0.75,0.31,16.83
15754,-0.67,-0.63,13.45
15770,-0.67,-1.37,5.53
15787,-0.04,-2.86,4.63
15803,0.43,-1.77,4.86
15819,0.08,1.06,6.35
15836,0.16,1.92,8.20
15852,-0.16,2.67,8.55
15868,-0.82,3.73,8.87
15885,-0.39,3.45,9.57
15901,-0.16,3.18,11.06
15917,-0.04,3.14,10.94
15934,-0.35,2.94,10.63
15950,-0.08,1.84,10.08
15966,0.16,0.59,10.24
15983,0.08,0.39,10.16
15999,0.12,0.04,9.85
16015,-0.04,0.51,9.65
16032,0.00,0.94,9.65
16048,-0.12,1.49,9.30
16067,-0.24,2.08,9.38
16084,-0.16,2.35,9.73
16100,-0.20,2.20,9.92
16116,-0.24,2.24,9.41
16133,-0.27,2.16,9.45
16149,-0.24,1.92,9.34
16165,-0.24,1.73,9.26
16182,-0.35,1.88,9.22
16198,-0.31,1.80,9.30
16214,0.12,1.14,9.73
16231,0.00,1.29,9.65
16247,0.08,0.67,9.57
16263,0.08,0.98,9.53
16280,0.00,1.06,9.65
16296,0.04,1.45,9.73
16313,0.04,1.06,9.92
16329,0.00,1.18,9.61
16345,-0.04,0.82,9.57
16362,0.00,0.98,9.41
16378,-0.27,1.61,9.26
16394,-0.08,1.41,9.26
16410,-0.04,1.37,9.30
16427,-0.16,0.98,9.30
16446,-0.31,1.26,9.30
16462,-0.31,1.22,9.53
16478,-0.59,2.12,9.18
16495,-0.94,3.06,9.26
16511,-0.78,3.10,9.49
16527,-0.75,2.35,8.94
16543,-0.55,1.73,8.36
16559,-0.67,2.28,8.47
16576,-0.75,3.10,8.87
16592,-0.39,3.02,8.94
16608,-0.39,2.90,9.06
16624,0.00,2.31,9.38
16640,-1.14,3.22,11.45
16657,0.82,2.79,8.67
16673,-0.98,4.59,11.02
16689,-0.55,3.18,7.53
16705,0.31,1.61,9.49
16721,0.67,1.37,9.30
16738,0.35,1.33,9.57
16754,0.39,1.45,9.53
16770,0.20,1.53,9.45
16786,0.04,2.16,9.22
16805,0.04,2.31,9.41
16821,0.31,2.12,9.65
16838,0.00,2.55,9.49
16854,0.27,2.39,9.30
16870,0.08,2.59,9.10
16886,0.20,2.20,9.85
16902,0.16,2.47,9.49
16919,0.08,1.73,9.92
16935,0.16,2.00,9.30
16951,0.08,1.80,9.26
16967,0.04,2.04,9.41
16983,0.16,1.69,9.61
17000,0.00,1.80,9.89
17016,0.00,2.39,9.53
17034,0.16,1.92,9.92
17050,0.08,1.84,9.10
17066,0.08,1.65,9.22
17083,0.16,1.80,9.69
17099,0.00,1.88,10.04
17115,0.24,1.84,10.32
17131,0.24,1.49,10.16
17147,0.20,1.29,10.00
17163,0.31,1.57,10.08
17183,0.31,1.65,10.16
17199,0.31,1.80,9.92
17215,0.55,1.61,9.96
17232,0.31,1.57,9.85
17248,0.27,1.41,9.81
17264,0.24,1.53,9.92
17281,0.71,1.57,10.20
17297,0.39,1.77,10.12
17313,0.35,1.73,10.00
17330,0.55,1.92,10.28
17346,0.39,2.04,10.40
17362,0.39,2.20,10.20
17379,0.35,1.96,10.20
17395,0.43,1.77,10.12
17411,0.35,1.80,9.92
17428,0.31,1.61,10.00
17444,0.24,1.57,9.89
17461,0.31,1.61,9.85
17477,0.35,1.77,9.92
17493,0.35,1.84,9.92
17510,0.35,1.80,9.81
17526,0.27,1.29,9.73
17542,0.39,1.22,9.73
17561,0.35,1.29,9.81
17578,0.24,1.61,9.77
17594,0.27,1.65,9.81
17611,0.27,1.84,9.61
17627,0.39,1.29,9.65
17643,0.71,1.26,9.38
17660,0.59,1.37,9.38
17676,0.63,1.61,9.38
17692,0.63,1.49,9.49
17709,0.47,1.53,9.61
17725,0.67,1.49,9.69
17741,0.51,1.61,9.73
17758,0.71,1.53,9.85
17774,0.67,2.00,9.73
17791,0.67,1.96,9.41
17807,0.78,1.65,9.02
17823,0.78,1.73,9.30
17840,0.75,1.77,9.41
17856,0.90,1.84,9.61
17872,0.90,1.80,9.34
17889,0.90,1.65,8.87
17905,0.82,1.77,8.32
17921,0.75,1.73,8.55
17938,0.78,1.88,8.51
17957,0.59,1.77,9.06
17973,0.43,2.16,9.18
17990,0.43,2.12,8.94
18006,0.55,2.04,8.87
18022,0.35,2.00,8.90
18039,0.39,2.00,8.79
18055,0.20,1.96,8.79
18071,0.31,2.16,8.51
18088,0.31,2.04,8.39
18104,0.47,1.73,8.20
18120,0.35,1.49,8.28
18137,0.27,1.73,8.16
18153,0.24,2.00,8.28
18170,0.16,2.47,8.51
18186,0.08,2.51,8.51
18202,0.31,2.86,9.14
18219,0.31,2.79,9.02
18235,0.27,2.98,8.90
18251,0.31,3.14,9.14
18268,0.35,3.41,9.45
18284,0.51,3.30,9.34
18300,0.59,3.14,9.22
18317,0.51,2.98,9.06
18336,0.39,2.82,8.67
18352,0.31,2.67,8.47
18369,0.31,2.82,9.06
18385,0.35,2.98,9.34
18401,0.78,2.82,9.92
18418,0.51,3.30,9.89
18434,0.59,2.94,9.96
18450,0.55,2.82,9.73
18467,0.67,2.67,9.77
18483,0.63,2.86,9.57
18499,0.35,3.88,9.14
18516,0.75,3.57,9.10
18532,0.59,3.77,9.30
18548,0.24,3.06,9.02
18565,-0.24,2.98,8.63
18581,0.16,1.26,9.57
18597,0.12,1.29,9.96
18614,0.00,0.67,10.51
18630,0.20,0.51,10.32
18647,0.43,0.00,10.20
18663,0.67,-0.39,10.40
18679,0.24,0.31,9.89
18696,0.16,-0.75,10.04
18715,0.90,-0.82,10.47
18731,0.27,-0.47,10.28
18748,-0.67,3.06,10.08
18764,-0.82,4.39,9.73
18780,-0.90,4.08,9.73
18797,0.16,2.16,10.12
18813,0.00,2.47,10.04
18829,0.00,1.88,9.65
18846,-0.04,1.84,10.04
18862,-0.47,2.79,9.89
18878,-0.78,4.28,9.38
18895,-0.20,3.41,9.73
18911,-0.24,3.37,9.73
18928,0.00,2.04,9.85
18944,0.08,1.14,9.26
18960,-0.04,1.06,9.06
18976,-0.27,1.80,9.18
18993,-0.27,2.47,9.41
19009,-0.08,2.08,9.69
19026,-0.67,2.71,9.26
19042,-0.55,2.24,9.18
19060,-0.20,1.06,9.34
19079,-0.86,2.00,9.38
19096,-0.39,2.04,9.53
19112,-0.04,2.39,8.98
19128,-0.67,2.79,9.53
19145,-0.75,2.71,9.45
19161,-0.71,2.59,9.06
19177,-0.86,2.82,8.94
19194,-0.59,2.75,9.18
19210,-0.63,3.02,9.30
19226,-0.82,3.73,9.22
19243,-1.06,4.12,9.14
19259,-0.98,4.08,9.14
19276,-0.78,3.41,9.45
19292,-1.22,3.61,9.49
19308,-1.06,3.57,9.45
19325,-0.86,3.14,9.81
19341,-0.82,2.98,9.53
19357,-0.82,2.79,9.38
19374,-0.39,2.31,9.49
19390,-0.39,2.16,9.49
19406,-0.31,2.39,9.38
19423,-0.08,2.43,9.22
19442,-0.20,2.67,9.02
19458,0.00,2.08,9.22
19474,0.08,1.88,9.45
19490,-0.24,1.84,9.02
19507,-0.08,1.53,9.02
19523,0.08,1.53,9.14
19539,-0.04,2.04,8.28
19555,0.04,2.20,8.32
19571,-0.31,2.24,7.96
19588,-0.75,1.33,8.08
19604,-0.35,0.39,8.59
19620,-0.20,-1.02,10.24
19636,-0.04,-1.53,10.75
19652,-0.12,-1.73,11.61
19668,-0.20,-0.75,11.65
19685,-0.04,-0.94,11.69
19701,0.12,-0.63,11.45
19717,-0.08,-0.12,10.94
19733,0.12,-0.12,10.32
19750,0.00,0.04,10.08
19766,0.04,0.24,9.92
19782,0.12,0.51,10.67
19801,0.31,0.04,10.83
19817,0.12,-0.08,9.69
19833,-0.16,0.24,8.98
19850,-0.20,0.71,9.22
19866,-0.08,1.14,9.53
19882,-0.04,2.24,9.57
19898,-0.20,2.20,9.26
19914,-0.08,2.24,9.10
19930,-0.35,1.96,9.34
19947,-0.35,2.79,9.34
19963,-0.27,2.82,9.38
19979,-0.31,2.98,9.34
19995,-0.78,3.30,9.18
20011,-0.67,3.06,9.10
20028,-0.27,3.14,9.41
20044,-0.55,3.77,9.53
20060,-0.35,3.53,9.85
20076,-0.59,3.84,9.45
20093,-0.71,3.88,9.45
20109,-0.78,4.59,9.85
20125,-0.71,4.90,9.89
20141,-0.24,4.47,10.16
20160,-0.16,4.12,9.89
20176,-0.35,3.80,9.57
20193,-0.35,3.57,9.49
20209,-0.24,2.79,9.73
20226,-0.55,3.14,9.65
20242,-0.31,3.18,9.92
20258,-0.43,3.18,10.55
20275,-0.24,2.51,10.71
20291,-0.20,2.35,10.75
20307,-0.20,1.96,10.71
20324,-0.24,2.24,10.75
20340,-0.24,1.69,10.79
20356,-0.04,1.69,11.30
20373,-0.12,1.77,11.30
20389,-0.04,1.69,11.41
20406,-0.04,2.04,11.18
20422,0.00,1.88,11.14
20438,0.55,1.10,11.38
20454,0.31,1.29,10.20
20471,0.27,1.26,9.73
20487,0.78,1.14,9.38
20504,0.94,1.49,8.59
20523,1.29,1.22,8.16
20539,1.22,1.22,7.26
20555,1.45,0.86,6.16
20572,1.26,1.26,5.49
20588,1.65,1.10,5.33
20605,1.57,1.26,4.20
20621,1.49,1.29,3.14
20637,1.29,0.43,1.45
20654,1.37,-0.39,0.00
20670,1.10,-0.12,0.00
20686,0.35,0.75,-0.04
20703,-0.63,1.96,4.55
20719,-1.14,2.24,7.92
20735,-2.51,2.35,14.28
20752,-2.43,2.71,17.69
20768,-2.39,2.67,18.40
20784,-1.49,1.57,16.67
20801,-1.53,1.29,14.63
20817,-0.98,1.65,13.77
20833,-0.35,1.45,13.18
20850,-0.47,2.28,11.85
20866,-0.51,2.55,11.61
20883,-0.59,2.55,10.94
20897,-0.55,2.39,10.79
20913,-0.63,2.12,10.20
20930,-0.55,1.84,9.69
20946,-0.43,1.77,9.45
20962,-0.63,1.92,9.14
20978,-0.63,1.92,9.26
20995,-0.55,2.12,9.65
21011,-0.55,2.16,9.61
21028,-0.43,1.88,9.61
21044,-0.78,1.73,9.65
21060,-0.47,1.26,9.53
21078,-0.75,1.45,9.34
21095,-0.43,1.18,9.38
21111,-0.94,1.77,9.57
21127,-0.75,1.92,9.30
21144,-0.78,2.12,9.73
21160,-0.63,2.24,9.89
21176,-0.47,2.12,10.04
21193,-0.71,2.12,9.77
21209,-0.51,2.04,9.85
21226,-0.55,2.16,10.04
21242,-0.71,2.67,10.00
21261,-0.39,2.71,10.32
21278,-0.27,2.75,10.16
21294,-0.43,2.90,9.89
21310,-0.39,2.63,9.38
21327,-0.39,2.75,9.26
21343,-0.24,2.90,9.30
21359,-0.04,2.71,9.22
21376,0.00,2.82,9.18
21392,0.04,2.63,9.34
21408,0.16,2.31,9.81
21425,0.16,2.31,9.85
21441,0.12,2.20,9.65
21457,0.35,1.80,9.18
21474,0.47,1.53,8.98
21490,0.31,1.61,8.67
21506,0.16,1.61,8.71
21523,0.27,1.77,9.26
21539,0.08,1.77,9.38
21555,0.12,1.73,9.14
21572,0.27,1.49,9.10
21588,-1.06,2.59,8.00
21605,-1.22,2.00,8.47
21624,-0.12,1.84,9.34
21640,-0.59,2.28,9.96
21657,0.27,1.41,9.85
21673,0.82,0.59,10.12
21689,-0.63,1.96,9.06
21706,-1.53,3.61,6.86
21722,-0.08,2.00,8.00
21738,0.04,1.06,9.96
21755,-0.71,1.45,9.45
21771,-0.20,1.14,10.00
21787,-0.35,2.08,10.43
21804,-1.45,2.79,9.30
21820,-0.86,2.04,9.53
21836,-0.63,1.69,9.69
21853,-0.55,1.41,9.45
21869,-0.47,1.53,9.49
21885,-0.67,1.92,9.41
21902,-1.10,2.39,9.41
21918,-1.02,2.28,9.85
21935,-0.82,2.20,10.16
21951,-0.98,2.20,10.04
21967,-0.82,1.96,9.92
21986,-0.67,1.65,9.77
22003,-1.02,2.20,9.38
22019,-0.98,2.28,9.26
22036,-1.02,2.04,9.96
22052,-1.14,2.39,9.89
22068,-0.98,1.92,9.96
22085,-0.94,1.14,10.24
22101,-0.78,1.02,10.40
22117,-0.63,1.10,10.24
22134,-0.47,1.33,10.04
22150,-0.39,1.33,9.77
22166,-0.51,1.69,9.81
22183,-0.20,2.12,10.28
22199,-0.51,2.20,10.43
22216,-0.24,2.20,10.75
22232,-0.51,2.00,10.16
22248,-0.43,1.73,9.65
22265,-0.31,1.02,8.90
22281,0.12,0.94,9.06
22297,-0.08,1.33,9.10
22314,-0.16,2.04,8.94
22330,-0.04,2.24,9.34
22349,-0.04,2.24,9.69
22365,0.08,2.16,9.53
22381,0.12,1.69,9.22
22398,0.08,1.41,9.18
22414,-0.16,1.49,8.98
22430,-0.08,1.57,9.61
22446,-0.08,2.20,9.61
22462,-0.20,3.02,9.38
22479,-0.04,2.63,9.02
22495,-0.20,2.82,8.90
22511,-0.63,3.49,8.67
22527,-0.71,4.00,8.67
22543,-0.24,3.84,9.85
22560,-0.24,3.88,10.04
22576,-0.39,3.73,9.92
22592,-0.51,3.33,9.02
22608,-0.27,2.71,8.67
22624,-0.27,2.51,8.47
22641,-0.35,2.43,8.04
22657,-0.47,3.02,8.24
22673,-0.39,3.61,8.63
22689,-0.47,4.04,8.90
22705,-0.39,3.88,8.87
22725,-0.63,3.92,8.51
22741,-0.82,4.04,8.36
22757,-0.67,4.28,9.02
22773,-0.59,4.71,9.06
22789,-0.94,5.02,8.59
22805,-0.90,5.06,8.39
22822,-0.86,5.06,8.63
22838,-0.71,5.22,8.94
22854,-0.75,5.10,9.10
22870,-0.86,4.24,9.53
22886,-0.78,3.45,10.32
22903,-0.75,3.18,10.59
22919,-0.27,2.63,10.71
22935,-0.08,2.51,10.55
22951,0.04,2.28,9.96
22967,0.20,2.08,9.38
22984,-0.04,2.00,9.22
23000,-0.24,1.65,9.41
23016,-0.12,1.53,10.40
23032,-0.12,1.73,10.47
23048,0.00,1.53,10.32
23064,0.04,0.86,9.96
23085,-0.12,0.51,9.57
23102,-0.20,0.59,9.57
23118,0.16,0.67,10.00
23134,0.16,0.90,10.16
23151,0.27,1.14,9.96
23167,0.24,1.06,9.69
23183,0.20,1.37,9.49
23200,0.00,1.49,9.49
23216,0.20,1.73,9.30
23232,0.31,1.65,9.38
23249,0.20,1.73,8.87
23265,0.08,1.88,8.43
23281,0.08,1.80,8.71
23298,0.00,2.47,8.87
23314,0.00,2.67,8.79
23330,-0.04,2.75,8.75
23347,-0.31,2.47,8.63
23363,0.08,2.08,8.98
23380,0.12,1.96,9.14
23396,0.00,2.35,8.94
23412,0.08,2.28,8.75
23428,0.04,2.39,8.47
23445,0.04,2.47,8.24
23464,-0.04,2.55,8.12
23480,-0.08,2.28,7.92
23497,-0.04,1.61,7.88
23513,-0.16,1.77,8.20
23530,-0.20,2.08,8.28
23546,-0.51,2.39,8.04
23562,-0.67,2.12,7.61
23579,-0.67,1.53,7.85
23595,-0.78,1.80,8.32
23611,-1.02,2.12,8.24
23628,-1.22,2.20,8.32
23644,4.43,4.16,20.04
23660,-0.35,2.28,8.47
23677,-0.16,1.49,9.69
23693,0.75,0.04,9.92
23709,-0.16,0.63,9.49
23726,0.31,0.98,9.65
23742,0.20,1.22,9.65
23759,0.16,1.26,9.61
23775,0.51,1.02,9.57
23791,0.35,1.61,9.49
23807,0.04,1.69,9.57
23827,0.00,1.84,9.65
23843,0.08,1.80,9.69
23859,0.08,1.73,9.53
23876,0.04,1.69,9.61
23892,0.12,1.61,9.69
23908,0.31,1.18,10.08
23925,0.24,1.37,10.04
23941,-0.08,1.57,9.89
23958,0.08,1.92,10.08
23974,0.20,1.92,10.32
23990,0.16,2.24,10.08
24006,0.08,2.16,10.00
24023,0.24,2.24,9.96
24039,0.00,2.51,10.24
24056,0.08,2.59,10.00
24072,0.47,1.84,10.12
24088,0.47,1.92,10.12
24105,0.16,1.88,10.20
24121,0.43,2.00,10.08
24137,0.24,1.92,10.24
24154,0.39,2.00,9.96
24170,0.31,2.00,9.81
24186,0.43,1.88,9.45
24206,0.67,1.61,9.34
24222,0.67,1.92,9.06
24238,0.75,1.77,9.06
24255,0.86,1.73,9.10
24271,0.63,1.49,9.18
24287,0.63,2.04,9.34
24304,0.82,2.12,9.34
24320,0.86,2.00,9.18
24336,0.90,2.04,8.75
24353,0.82,1.77,8.59
24369,0.86,1.80,8.63
24385,0.78,1.96,8.59
24402,0.75,2.00,8.63
24418,0.90,2.20,8.55
24434,0.71,2.08,8.79
24451,0.90,2.20,8.71
24467,0.71,2.04,8.83
24483,0.67,2.08,8.67
24500,0.78,2.00,8.75
24516,0.78,2.12,8.75
24533,0.71,2.16,8.55
24549,0.71,1.96,8.47
24565,0.67,1.92,8.67
24584,0.78,1.61,8.55
24601,0.71,1.73,8.55
24617,0.78,1.57,8.43
24633,0.78,1.77,8.28
24650,0.63,1.65,8.39
24666,0.59,2.20,8.55
24683,0.55,2.20,8.71
24699,0.55,2.24,8.55
24715,0.31,1.57,8.67
24732,0.31,1.57,8.90
24748,0.24,1.57,9.41
24764,0.08,1.73,9.45
24781,0.12,1.61,9.38
24797,-0.08,1.37,9.38
24813,10.00,5.41,20.04
24830,-0.75,1.18,15.53
24846,0.04,1.33,9.38
24862,0.16,-0.08,9.73
24879,0.16,1.26,9.38
24895,0.16,1.29,9.61
24911,0.16,1.29,9.61
24928,0.20,1.29,9.61
24944,1.02,0.67,9.65
24963,-0.08,1.53,9.53
24980,0.24,1.26,9.53
24996,0.00,1.41,9.53
25012,-0.31,2.08,9.10
25029,-0.16,1.80,9.69
25045,0.16,1.33,9.69
25062,0.08,1.41,9.69
25078,0.08,1.41,9.65
25094,0.08,1.29,9.53
25113,0.12,1.29,9.69
25129,0.16,1.26,9.65
25145,0.16,1.29,9.65
25162,0.20,1.22,9.57
25178,0.16,1.29,9.57
25195,0.12,1.33,9.61
25211,0.08,1.33,9.53
25227,0.12,1.33,9.61
25244,0.12,1.29,9.53
25260,0.12,1.29,9.61
25276,0.12,1.29,9.61
25293,0.16,1.29,9.65
25309,0.08,1.37,9.61
25325,0.12,1.33,9.69
25344,0.12,1.33,9.61
25360,0.16,1.26,9.73
25377,0.12,1.29,9.65
25393,0.16,1.29,9.61
25409,0.16,1.29,9.61
25425,0.12,1.33,9.69
25442,0.12,1.33,9.57
25458,0.12,1.33,9.69
25474,0.16,1.29,9.69
25490,0.16,1.26,9.69
25506,0.16,1.26,9.69
25523,0.08,1.37,9.53
25539,0.16,1.29,9.69
25555,0.08,1.26,9.92
25571,0.12,1.29,9.73
25587,0.12,1.33,9.45
25603,0.16,1.33,9.61
25620,0.08,1.26,9.61
25636,0.12,1.29,9.65
25652,0.12,1.33,9.65
25668,0.12,1.33,9.65
25684,0.12,1.33,9.57
25701,0.16,1.33,9.49
25717,0.12,1.29,9.57
25744,0.16,1.29,9.65
25762,0.12,1.33,9.53
25780,0.12,1.29,9.65
25799,0.16,1.33,9.61
25817,0.08,1.37,9.65
25835,0.12,1.33,9.69
25854,0.16,1.29,9.61
25872,0.12,1.37,9.57
25890,0.16,1.29,9.61
25909,0.16,1.33,9.65
25927,0.08,1.33,9.61
25945,0.08,1.33,9.69
25963,0.08,1.33,9.65
25982,0.12,1.33,9.61
26000,0.16,1.33,9.65
26018,0.20,1.29,9.53
26037,0.12,1.33,9.61
26055,0.12,1.29,9.65
26073,0.12,1.29,9.65
26091,0.08,1.29,9.61
26110,0.12,1.29,9.69
26128,0.16,1.33,9.65
26146,0.16,1.33,9.65
26168,0.12,1.29,9.57
26186,0.12,1.29,9.69
26205,0.16,1.29,9.61
26223,0.16,1.29,9.53
26241,0.12,1.33,9.69
26260,0.12,1.33,9.65
26278,0.16,1.26,9.65
26297,0.12,1.29,9.53
26315,0.20,1.37,9.65
26334,0.12,1.29,9.61
26352,0.00,1.14,9.53
26371,0.08,1.18,9.61
26389,0.16,1.22,9.57
26408,0.12,1.41,9.69
26426,0.12,1.45,9.69
26445,0.20,1.33,9.57
26463,0.20,1.22,9.57
26482,0.08,1.26,9.65
26500,0.12,1.26,9.61
26518,0.12,1.33,9.61
26537,0.12,1.45,9.57
26555,0.04,1.37,9.57
26574,0.08,1.18,9.65
26595,0.24,1.10,9.73
26614,0.16,1.41,9.61
26632,0.08,1.49,9.57
26651,0.08,1.41,9.57
26669,0.16,1.18,9.69
26688,0.20,1.10,9.69
26706,0.12,1.22,9.69
26724,0.08,1.33,9.57
26743,0.08,1.41,9.61
26761,0.12,1.53,9.57
26780,0.12,1.45,9.61
26798,0.20,1.22,9.61
26817,0.27,1.18,9.65
26835,0.20,1.18,9.61
26854,0.08,1.33,9.65
26872,0.04,1.45,9.57
26890,0.12,1.41,9.57
